Edad,Genero,Numero,Respuesta,Categoria
25,Masculino,1,nunca estuvo; crecí solo con mi madre,Negativa
25,Masculino,2,intento mantener la calma y seguir adelante,Positiva
25,Masculino,5,lleno de oportunidades,Positiva
25,Masculino,7,quedarme completamente solo,Negativa
25,Masculino,8,está en las buenas y en las malas,Positiva
25,Masculino,14,es la persona más importante de mi vida,Positiva
25,Masculino,15,le grité a mi hermana sin razón,Negativa
25,Masculino,20,graduarme este año,Positiva
25,Masculino,24,"todo era más tranquilo, ahora todo cuesta más",Ambigua
25,Masculino,27,"un niño, aunque ya soy adulto",Ambigua
25,Masculino,36,me pongo nervioso,Negativa
25,Masculino,49,vivir tranquilo con mi familia,Positiva
