Edad,Genero,Numero,Respuesta
25,Masculino,1,nunca estuvo; crecí solo con mi madre
25,Masculino,2,intento mantener la calma y seguir adelante
25,Masculino,5,lleno de oportunidades
25,Masculino,7,quedarme completamente solo
25,Masculino,8,está en las buenas y en las malas
25,Masculino,14,es la persona más importante de mi vida
25,Masculino,15,le grité a mi hermana sin razón
25,Masculino,20,graduarme este año
25,Masculino,24,"todo era más tranquilo, ahora todo cuesta más"
25,Masculino,27,"un niño, aunque ya soy adulto"
25,Masculino,36,me pongo nervioso
25,Masculino,49,vivir tranquilo con mi familia
